arm,tier,driver,jdbc_url,settings
d01,D,MySQL Connector/J 9.7.0,jdbc:mysql://${CLUSTER_EP}:3306/probe,
d02,D,MariaDB Connector/J 2.7.15,jdbc:mariadb://${CLUSTER_EP}:3306/probe,
d03,D,MariaDB Connector/J 2.7.15,jdbc:mysql:aurora://${CLUSTER_EP}:3306/probe,
d04,D,MariaDB Connector/J 3.5.10,jdbc:mariadb://${CLUSTER_EP}:3306/probe,
d05,D,AWS JDBC Wrapper 4.4.0 + MySQL 9.7.0,jdbc:aws-wrapper:mysql://${CLUSTER_EP}:3306/probe,
d06,D,AWS JDBC Wrapper 4.4.0 + MariaDB 3.5.10,jdbc:aws-wrapper:mariadb://${CLUSTER_EP}:3306/probe,
t01,T,MySQL Connector/J 9.7.0,jdbc:mysql://${CLUSTER_EP}:3306/probe,dnsTtl=5;pool.maxLifetime=50000;pool.connectionTimeout=5000;pool.validationTimeout=2000;pool.keepaliveTime=30000;pool.maximumPoolSize=4;ds.connectTimeout=3000;ds.socketTimeout=10000
t02,T,MariaDB Connector/J 2.7.15,"jdbc:mysql:aurora://${CLUSTER_EP}:3306,${READER_EP}:3306/probe",dnsTtl=5;pool.maxLifetime=50000;pool.connectionTimeout=5000;pool.validationTimeout=2000;pool.keepaliveTime=30000;pool.maximumPoolSize=4;ds.connectTimeout=3000;ds.socketTimeout=10000;readOnlyReads=true
t03,T,MariaDB Connector/J 2.7.15,jdbc:mariadb://${CLUSTER_EP}:3306/probe,dnsTtl=5;pool.maxLifetime=50000;pool.connectionTimeout=5000;pool.validationTimeout=2000;pool.keepaliveTime=30000;pool.maximumPoolSize=4;ds.connectTimeout=3000;ds.socketTimeout=10000;ds.usePipelineAuth=false;ds.useBatchMultiSend=false
t04,T,MariaDB Connector/J 3.5.10,jdbc:mariadb://${CLUSTER_EP}:3306/probe,dnsTtl=5;pool.maxLifetime=50000;pool.connectionTimeout=5000;pool.validationTimeout=2000;pool.keepaliveTime=30000;pool.maximumPoolSize=4;ds.connectTimeout=3000;ds.socketTimeout=10000;ds.disablePipeline=true
t05,T,AWS JDBC Wrapper 4.4.0 + MySQL 9.7.0,jdbc:aws-wrapper:mysql://${CLUSTER_EP}:3306/probe,"dnsTtl=5;pool.maxLifetime=50000;pool.connectionTimeout=5000;pool.validationTimeout=2000;pool.keepaliveTime=30000;pool.maximumPoolSize=4;ds.connectTimeout=3000;ds.socketTimeout=10000;ds.wrapperPlugins=initialConnection,auroraConnectionTracker,failover2,efm2,bg;ds.failureDetectionTime=6000;ds.failureDetectionInterval=1000;ds.failureDetectionCount=2;ds.clusterTopologyRefreshRateMs=5000;ds.clusterId=jdbc-test;pool.exceptionOverrideClassName=software.amazon.jdbc.util.HikariCPSQLException"
t06,T,AWS JDBC Wrapper 4.4.0 + MariaDB 3.5.10,jdbc:aws-wrapper:mariadb://${CLUSTER_EP}:3306/probe,"dnsTtl=5;pool.maxLifetime=50000;pool.connectionTimeout=5000;pool.validationTimeout=2000;pool.keepaliveTime=30000;pool.maximumPoolSize=4;ds.connectTimeout=3000;ds.socketTimeout=10000;ds.wrapperPlugins=initialConnection,auroraConnectionTracker,failover2,efm2,bg;ds.failureDetectionTime=6000;ds.failureDetectionInterval=1000;ds.failureDetectionCount=2;ds.clusterTopologyRefreshRateMs=5000;ds.clusterId=jdbc-test;pool.exceptionOverrideClassName=software.amazon.jdbc.util.HikariCPSQLException;ds.disablePipeline=true"
v01,V,MariaDB Connector/J 2.7.15,jdbc:mariadb://${CLUSTER_EP}:3306/probe,dnsTtl=-1;pool.maxLifetime=50000;pool.connectionTimeout=5000;pool.validationTimeout=2000;pool.keepaliveTime=30000;pool.maximumPoolSize=4;ds.connectTimeout=3000;ds.socketTimeout=10000;ds.usePipelineAuth=false;ds.useBatchMultiSend=false
v02,V,MariaDB Connector/J 2.7.15,jdbc:mariadb://${CLUSTER_EP}:3306/probe,dnsTtl=5;pool.maxLifetime=35000;pool.connectionTimeout=5000;pool.validationTimeout=2000;pool.keepaliveTime=30000;pool.maximumPoolSize=4;ds.connectTimeout=3000;ds.socketTimeout=10000;ds.usePipelineAuth=false;ds.useBatchMultiSend=false
v03,V,MariaDB Connector/J 2.7.15,jdbc:mariadb://${CLUSTER_EP}:3306/probe,dnsTtl=5;pool.maxLifetime=70000;pool.connectionTimeout=5000;pool.validationTimeout=2000;pool.keepaliveTime=30000;pool.maximumPoolSize=4;ds.connectTimeout=3000;ds.socketTimeout=10000;ds.usePipelineAuth=false;ds.useBatchMultiSend=false
v04,V,MariaDB Connector/J 2.7.15,jdbc:mariadb://${CLUSTER_EP}:3306/probe,dnsTtl=5;pool.maxLifetime=20000;pool.connectionTimeout=5000;pool.validationTimeout=2000;pool.keepaliveTime=30000;pool.maximumPoolSize=4;ds.connectTimeout=3000;ds.socketTimeout=10000;ds.usePipelineAuth=false;ds.useBatchMultiSend=false
v05,V,MariaDB Connector/J 2.7.15,jdbc:mysql:aurora://${CLUSTER_EP}:3306/probe,dnsTtl=5;pool.maxLifetime=50000;pool.connectionTimeout=5000;pool.validationTimeout=2000;pool.keepaliveTime=30000;pool.maximumPoolSize=4;ds.connectTimeout=3000;ds.socketTimeout=10000;readOnlyReads=true
v06,V,AWS JDBC Wrapper 4.4.0 + MySQL 9.7.0,jdbc:aws-wrapper:mysql://${CLUSTER_EP}:3306/probe,"dnsTtl=5;pool.maxLifetime=50000;pool.connectionTimeout=5000;pool.validationTimeout=2000;pool.keepaliveTime=30000;pool.maximumPoolSize=4;ds.connectTimeout=3000;ds.socketTimeout=10000;ds.wrapperPlugins=initialConnection,auroraConnectionTracker,readWriteSplitting,failover2,efm2,bg;ds.failureDetectionTime=6000;ds.failureDetectionInterval=1000;ds.failureDetectionCount=2;ds.clusterTopologyRefreshRateMs=5000;ds.clusterId=jdbc-test;pool.exceptionOverrideClassName=software.amazon.jdbc.util.HikariCPSQLException;readOnlyReads=true"
v07,V,MySQL Connector/J 9.7.0,jdbc:mysql://${READER_EP}:3306/probe,dnsTtl=5;pool.maxLifetime=50000;pool.connectionTimeout=5000;pool.validationTimeout=2000;pool.keepaliveTime=30000;pool.maximumPoolSize=4;ds.connectTimeout=3000;ds.socketTimeout=10000;writes=false
