run,arm,old_blue_rows,green_rows
admin,d01,2672,0
admin,d02,2672,0
admin,d03,2672,0
admin,d04,2672,0
admin,d05,2672,0
admin,d06,2673,0
admin,t01,0,2672
admin,t02,61,2611
admin,t03,0,2672
admin,t04,0,2672
admin,t05,0,2672
admin,t06,0,2672
admin,v01,2672,0
admin,v02,0,2672
admin,v03,0,2672
admin,v04,0,2672
admin,v05,0,2672
admin,v06,0,2672
admin,v07,0,0
probe,d01,0,
probe,d02,0,
probe,d03,0,
probe,d04,0,
probe,d05,0,
probe,d06,0,
probe,t01,0,
probe,t02,0,
probe,t03,0,
probe,t04,0,
probe,t05,0,
probe,t06,0,
probe,v01,0,
probe,v02,0,
probe,v03,0,
probe,v04,0,
probe,v05,0,
probe,v06,0,
probe,v07,0,
