arm,iter,window_s,err_read,err_ro,err_write,missing,new_write_conns,old_host_reads,old_host_span_s,read_recovered,read_s,recovery_s,ro_read_ok,ro_write_fail,server_gap_s,stall_max_ms,stall_n,top_err,write_recovered,write_s
d01,1,600,1,2813,2814,False,0,2668,533.4,True,20.375,,0,0,582.5518430175781,19969,1,java.sql.SQLException,False,582.549
d02,1,600,1,2813,2814,False,0,2668,533.4,True,20.13,,0,0,582.5228510742188,19734,1,java.sql.SQLTransientConnectionException<SQLException,False,582.52
d03,1,600,0,2813,2813,False,0,2668,533.4,True,20.162,,0,0,582.57475,19962,1,java.sql.SQLTransientConnectionException<SQLException,False,582.572
d04,1,600,1,2814,2815,False,0,2668,533.399,True,20.309,,0,0,582.6898979492188,19901,1,java.sql.SQLException,False,582.687
d05,1,600,1,0,2811,False,0,2669,533.599,True,20.367,,0,0,582.6541650390625,0,0,software.amazon.jdbc.plugin.failover.FailoverSuccessSQLException,False,582.652
d06,1,600,1,0,2812,False,0,2669,533.6,True,19.692,,0,0,582.5372600097656,0,0,software.amazon.jdbc.plugin.failover.FailoverSuccessSQLException,False,582.535
t01,1,600,2,10,13,False,44,0,0.0,True,12.444,32.842,0,0,14.54731494140625,2191,2,java.sql.SQLException,True,14.548
t02,1,600,0,10,10,False,38,10,1.798,True,15.486,32.917,2907,0,14.487166015625,15287,2,java.sql.SQLTransientConnectionException<SQLException,True,14.493
t03,1,600,4,10,14,False,33,0,0.0,True,15.566,35.884,0,0,17.570076904296876,0,0,java.sql.SQLTransientConnectionException<SQLException,True,17.579
t04,1,600,2,10,13,False,39,0,0.0,True,12.458,32.837,0,0,14.48179296875,2218,2,java.sql.SQLException,True,14.488
t05,1,600,7,0,8,False,42,0,0.0,True,35.627,53.54,0,0,35.64030908203125,0,0,java.sql.SQLTransientConnectionException<ConnectionIsClosedException,True,35.653
t06,1,600,7,0,1,False,28,0,0.0,True,35.635,53.517,0,0,35.67802490234375,0,0,java.sql.SQLTransientConnectionException<SQLSyntaxErrorException,True,35.685
v01,1,600,3,2815,2819,False,0,2669,533.599,True,19.949,,0,0,582.6246440429687,4682,1,java.sql.SQLTransientConnectionException<SQLException,False,582.62
v02,1,600,3,10,13,False,59,0,0.0,True,12.416,32.852,0,0,14.421888916015625,1997,2,java.sql.SQLTransientConnectionException<SQLException,True,14.432
v03,1,600,2,10,13,False,30,0,0.0,True,12.4,32.744,0,0,14.411511962890625,2182,2,java.sql.SQLTransientConnectionException<SQLException,True,14.417
v04,1,600,3,10,13,False,1,0,0.0,True,12.426,32.853,0,0,14.428833984375,2009,2,java.sql.SQLTransientConnectionException<SQLException,True,14.441
v05,1,600,1,10,17,False,32,0,0.0,True,47.692,68.002,2766,0,35.15662890625,12295,1,java.sql.SQLTransientConnectionException<SQLException,True,35.149
v06,1,600,8,0,8,False,43,0,0.0,True,35.809,53.423,2828,0,35.66310986328125,0,0,java.sql.SQLTransientConnectionException<ConnectionIsClosedException,True,35.669
v07,1,600,3,0,0,False,0,0,0.0,True,12.499,,2694,0,,2083,1,java.sql.SQLTransientConnectionException<SocketTimeoutException,False,
